datum,link_reddit,korisnik,broj_upvote,knjiga,ISBN10,autor,područje,potpodručje,link_amazon,ocjena_amazon
2025-10-21T00:00:00.000Z,https://www.reddit.com/r/learnprogramming/comments/177b14j/the_best_book_on_programming/,ragingpanda,71,The Pragmatic Programmer: From Journeyman to Master,9780201616224,,"[""Računarstvo""]","[""Programiranje"",""Programsko inženjerstvo""]",https://www.amazon.com/Pragmatic-Programmer-Journeyman-Master/dp/020161622X,4.6
2025-10-21T00:00:00.000Z,https://www.reddit.com/r/opensource/comments/1kf1oad/books_about_open_source/,UnrulyThesis,9,Rebel Code: Linux And The Open Source Revolution,0738206709,,"[""Računarstvo""]","[""Otvoreno računarstvo"",""Linux""]",https://www.amazon.com/Rebel-Code-Linux-Source-Revolution/dp/0738206709,4.4
2025-10-21T00:00:00.000Z,https://www.reddit.com/r/space/comments/1burytk/recommend_books_about_space_that_blew_your_mind/,Spadingdong,86,Cosmos,9780345539434,,"[""Znanost""]","[""Astronomija""]",https://www.amazon.com/Cosmos-Carl-Sagan/dp/0345539435?dib=eyJ2IjoiMSJ9.kbVH3SCFhPKMlzWLryhD8CK-Jhdnj1G0rxC751z8dCIVGKfPMdnacmfLrB9xHfxJ1_3-HokbsXInqf7jN2LGr30o9AM2_JbhNLd3hZfPnlshsQUsCtftRd4urCXTN9X1-UufbSAgPOCPM6bO1XY4S6b29o_VIB41eoCGsek6c2qPtKvtqwH4O7enoj7JWs1TpwVt6be3qGUQcKA3UpmkENN0OPs1u66PQXogKHGreLg.JNm-VcVayAdFZF5CCgeLIGgS3shgksWgqYJL2Mcsnbk&dib_tag=se&qid=1761080785&refinements=p_lbr_one_browse-bin%3ACarl+Sagan&s=books&sr=1-3,4.7
2025-10-21T00:00:00.000Z,https://www.reddit.com/r/Cooking/comments/15hdl2w/best_cook_books/,Sink_Stuff,18,"The Betty Crocker Cookbook, 13th Edition: Everything You Need to Know to Cook Today",035840858X,,"[""Kulinarstvo""]","[""Američka jela""]",https://www.amazon.com/Betty-Crocker-Cookbook-13th-Everything/dp/035840858X?crid=YKIU6XHAOU6Q&dib=eyJ2IjoiMSJ9.RtGqTM-jCnxhscCeEC1dotyZ-u-PHS4WlSFNgAG_rO-YZqqTKRe7hYtBAtAXo0BFJuCKMNSedCY_QDM52S4Y8u3Ja9SPY6-BLqRKMfSJrgYIGt9V2AMKahUq_isxJt3nJi-TjCxsrtezPiK_L9SoF7RReRoiffgIzUAjgmSlGJNSLYnJ2CJH1jcEl5pl8Pk9g-XXyt8Kz7Gi254BCEAVV3FnmEZz9RoOsROWE5NoVaA.hjNxKdpPg-Hx9PJFINMluAVh3pET0sgbaDX_zniFZB0&dib_tag=se&keywords=betty+crocker+cookbook&qid=1761081253&s=books&sprefix=bettz+crocker+cook%2Cstripbooks-intl-ship%2C182&sr=1-1,4.6
2025-10-21T00:00:00.000Z,https://www.reddit.com/r/StarWarsEU/comments/1kgfy9x/yoda_books/,Munedawg53,21,Yoda: Dark Rendezvous,0739450026,,"[""Belatristika""]","[""Znanstvena fantastika"",""Fantazija""]",https://www.amazon.com/Star-Rendezvous-Clone-Novel-Hardcover/dp/0739450026?crid=215L9IVYM2O1I&dib=eyJ2IjoiMSJ9.qeKOXyUJ5J9uuZz8M0INQum1UyH4o5iP_E-7Ndg0LBMXZEl1C_Z7BbsiHV3hWifDEM9Sa2jMz5nG5oCAzvnGFBFDhPbSgSnv_YPmh0qbqhqrKG-Jn1A0NkGgJgtEEUxm.Q_69pO0_ErYPjIr3z6i0lRwQKp4cmjdbNuhOgb8FuqM&dib_tag=se&keywords=yoda+dark+rendezvous&qid=1761081625&s=books&sprefix=yoda+dark%2Cstripbooks-intl-ship%2C198&sr=1-2,4.4
2025-10-21T00:00:00.000Z,https://www.reddit.com/r/osdev/comments/piwpov/textbooks_to_understand_and_learn_operating/,,8,Operating Systems: Three Easy Pieces,198508659X,,"[""Računarstvo""]","[""Operativni sustavi""]",https://www.amazon.com/Operating-Systems-Three-Easy-Pieces/dp/198508659X?crid=C2TVMM7BJ8QY&dib=eyJ2IjoiMSJ9.LJSAHlFWnr7ppRLwTi6JBkmNZIVgmK0sUkkZ3cuBTVcYvJaOaeHz11M2OjY0lNGNQnTazblR680NOX-4lzwXdlSazu2ce86Z2QIEe8UDSYKjnb69deJRLjSD7AjBxcPQNfbb2iN_S26VGwJSAHEhFhz6LZoH6BFqJ9vgRAhBl4krC7sYs_tv8rSwBTaQX1gAQEvlear6TZsmdL3xGj9I5Fmm8V56b9BMIbqBL-tS9q4.9wua0sDybk6eIX6p-uvyrNZERz9aGPwkgsjaU0E3wN8&dib_tag=se&keywords=operating+systems+three+easy+pieces&qid=1761081855&s=books&sprefix=operating+systems+three%2Cstripbooks-intl-ship%2C184&sr=1-1,4.6
2025-10-21T00:00:00.000Z,https://www.reddit.com/r/computerscience/comments/1gd7q51/what_is_the_best_book_on_computer_networking/,murkyFeels,43,Computer Networking A Top-Down Approach,9780133594140,,"[""Računarstvo""]","[""Komunikacijske mreže""]",https://www.amazon.com/Computer-Networking-Top-Down-Approach-7th/dp/0133594149?crid=FY5QAZC9PLE6&dib=eyJ2IjoiMSJ9.lNI1zakkBKja_JCFh15cBafZQoVDWTUc4cKCF2c3NGo1A5bC9WtUtfN5sjLjjnYQ60iMh1nXra-_p07CVEmzCiU35g8QEf3uO7itwvY8olE5wP5gcIqXFR4td51KhThwXU1ytD8iLK-hV1cQV_hP4kdlo5M0ZD4J4VXheOr-opGf8Kq83DbFFVJL687tvz680Q2WtiIq8xRFvm9A_zo1Yw3QtV_AJ18PVWVBNJb7GXs.bbmjjEKAQbfRf3YKa1Rw3o8T4gJ00F_r5FrVGzF8O38&dib_tag=se&keywords=computer+networking+a+top-down+approach&qid=1761082279&s=books&sprefix=computer+net%2Cstripbooks-intl-ship%2C186&sr=1-4,4.3
2025-10-21T00:00:00.000Z,https://www.reddit.com/r/compsci/comments/av02fk/what_is_in_your_opinion_the_best_textbook_for/,OddCoincidence,18,Digital Design and Computer Architecture,9789382291527,,"[""Računarstvo"",""Elektrotehnika""]","[""Arhitektura računala""]",https://www.amazon.com/Digital-Design-Computer-Architecture-Harris/dp/0123944244,4.5
2025-10-21T00:00:00.000Z,https://www.reddit.com/r/algorithms/comments/i8qb3k/good_books_learning_about_algorithms_from_very/,mtrajk93,19,The Algorithm Design Manual,3030542556,,"[""Računarstvo"",""Matematika""]","[""Algoritmi i strukture podataka""]",https://www.amazon.com/Algorithm-Design-Manual-Computer-Science/dp/3030542556?crid=BAEQW0FH232Q&dib=eyJ2IjoiMSJ9.n8WfzqjzCzia0TxdCpJJflO9B27ZRyM7FE9XJGdELTs8vabVbT8QFnSfcHXUyUh0fj5QYealQoeAA18aP20NPYLI56QmX5xhrUx-mJn2i5n4PouSFYTzl0fAaqgQk8j0SabVzgD2oh1qTpnEpq5AYnCvdKbpk27U9sLDRbvURDGJqZTDueXKoDMNBPmBR7fGjgPhNK4c25-YX6wX1ZWIg2CRMvnCtvuQkmyspq8qb14.53BgDyfwlShyrvjJYM-LLi0yAM6O8wwzStzJWWseiBg&dib_tag=se&keywords=algorithm+design+manual&qid=1761082491&s=books&sprefix=algorithm+design+manual%2Cstripbooks-intl-ship%2C194&sr=1-1,4.5
2025-10-21T00:00:00.000Z,https://www.reddit.com/r/nonfictionbookclub/comments/1c3ymkn/looking_for_recommendations_of_books_about/,Randomthoughts369,6,How to Read a Book: The Classic Guide to Intelligent Reading,1476790159,,"[""Literatura""]","[""Čitanje knjiga""]",https://www.amazon.com/How-Read-Book-Classic-Intelligent/dp/1476790159?_encoding=UTF8&dib_tag=se&dib=eyJ2IjoiMSJ9.wPH_DkzhCkn2mVS-5-GQ3ClJIU10Fti2ap4eYzYElfuT9CRORqr9j16UAv_Z_y072w_E89GZ45Ftvs7GOACQWU8O-jYNOOZGHc1Awvo4Syax6JGr2fJzAA_f---_8qB0kFG_1JOQrX0Ch-M9IWYQRqA1tkQn7J9LAIN3Zhg0QxSFb1kBE52m2nIlMnFzOZJjvgpwVCc6wah8djw842jdBYNK4LxtYs0qqFWiQZ_jV6g.LP5W6ZrDEA2y3hC7-Hc5glCBIbGXrQKDkwa04fbYZgg&qid=1761082753&sr=1-2,4.5
